S1	E1	S2	E2	Reference	Contig	IDY	Ambiguous	Best_group
2066001	2074956	227	9179	NC_016845.1	NODE_1_length_566821_cov_8.393009	95.41		True
unknown
2074869	2085754	9865	20750	NC_016845.1	NODE_1_length_566821_cov_8.393009	96.14		True
unknown
2089818	2094755	63348	68285	NC_016845.1	NODE_1_length_566821_cov_8.393009	95.77		True
unknown
2094839	2095073	72351	72585	NC_016845.1	NODE_1_length_566821_cov_8.393009	95.74		True
unknown
2105182	2116265	83018	94109	NC_016845.1	NODE_1_length_566821_cov_8.393009	95.11		True
unknown
2120049	2120991	119153	120095	NC_016845.1	NODE_1_length_566821_cov_8.393009	95.12		True
unknown
2124376	2130662	136578	142864	NC_016845.1	NODE_1_length_566821_cov_8.393009	95.63		True
unknown
2131559	2133637	143761	145839	NC_016845.1	NODE_1_length_566821_cov_8.393009	97.26		True
unknown
2134688	2135159	146891	147362	NC_016845.1	NODE_1_length_566821_cov_8.393009	97.25		True
unknown
2136468	2136585	148659	148776	NC_016845.1	NODE_1_length_566821_cov_8.393009	98.31		True
unknown
2145569	2150023	148821	153275	NC_016845.1	NODE_1_length_566821_cov_8.393009	96.09		True
unknown
2151469	2151974	153273	153779	NC_016845.1	NODE_1_length_566821_cov_8.393009	98.82		True
unknown
2152110	2199252	153773	200901	NC_016845.1	NODE_1_length_566821_cov_8.393009	95.31		True
unknown
2201178	2202048	202084	202954	NC_016845.1	NODE_1_length_566821_cov_8.393009	96.56		True
unknown
2202049	2213560	202956	214467	NC_016845.1	NODE_1_length_566821_cov_8.393009	97.19		True
unknown
2213561	2215325	214469	216233	NC_016845.1	NODE_1_length_566821_cov_8.393009	95.98		True
unknown
2217480	2218489	218390	219399	NC_016845.1	NODE_1_length_566821_cov_8.393009	96.24		True
unknown
2220003	2224460	220915	225372	NC_016845.1	NODE_1_length_566821_cov_8.393009	95.04		True
unknown
2230807	2230934	231718	231845	NC_016845.1	NODE_1_length_566821_cov_8.393009	96.88		True
unknown
2234091	2234283	235000	235192	NC_016845.1	NODE_1_length_566821_cov_8.393009	95.85		True
unknown
2238845	2239779	239754	240688	NC_016845.1	NODE_1_length_566821_cov_8.393009	96.9		True
unknown
2254759	2259862	272012	277115	NC_016845.1	NODE_1_length_566821_cov_8.393009	96.98		True
unknown
2262260	2269269	277152	284159	NC_016845.1	NODE_1_length_566821_cov_8.393009	95.75		True
unknown
2269411	2271940	295493	298022	NC_016845.1	NODE_1_length_566821_cov_8.393009	96.56		True
unknown
2271945	2273216	298027	299298	NC_016845.1	NODE_1_length_566821_cov_8.393009	95.91		True
unknown
2326202	2340642	320960	335385	NC_016845.1	NODE_1_length_566821_cov_8.393009	96.66		True
unknown
2341555	2342000	335837	336282	NC_016845.1	NODE_1_length_566821_cov_8.393009	97.53		True
unknown
2342002	2342174	336283	336455	NC_016845.1	NODE_1_length_566821_cov_8.393009	96.53		True
unknown
2342360	2342804	336641	337085	NC_016845.1	NODE_1_length_566821_cov_8.393009	97.3		True
unknown
2354488	2370470	337086	353084	NC_016845.1	NODE_1_length_566821_cov_8.393009	95.7		True
unknown
2377075	2379733	359678	362336	NC_016845.1	NODE_1_length_566821_cov_8.393009	95.94		True
unknown
2380756	2381080	363357	363681	NC_016845.1	NODE_1_length_566821_cov_8.393009	95.38		True
unknown
2393086	2394722	375654	377290	NC_016845.1	NODE_1_length_566821_cov_8.393009	96.7		True
unknown
2394723	2395727	377292	378296	NC_016845.1	NODE_1_length_566821_cov_8.393009	95.02		True
unknown
2395743	2395855	388274	388386	NC_016845.1	NODE_1_length_566821_cov_8.393009	96.46		True
unknown
2401674	2409599	394214	402139	NC_016845.1	NODE_1_length_566821_cov_8.393009	95.5		True
unknown
2409606	2412955	402146	405495	NC_016845.1	NODE_1_length_566821_cov_8.393009	95.31		True
unknown
2413423	2418096	406402	411076	NC_016845.1	NODE_1_length_566821_cov_8.393009	95.66		True
unknown
2425744	2426205	426280	426741	NC_016845.1	NODE_1_length_566821_cov_8.393009	96.1		True
unknown
2426206	2427403	426743	427940	NC_016845.1	NODE_1_length_566821_cov_8.393009	96.33		True
unknown
2427422	2435071	427960	435609	NC_016845.1	NODE_1_length_566821_cov_8.393009	95.74		True
unknown
2435258	2436166	435802	436710	NC_016845.1	NODE_1_length_566821_cov_8.393009	95.38		True
unknown
2436170	2436659	436717	437206	NC_016845.1	NODE_1_length_566821_cov_8.393009	97.55		True
unknown
2436661	2437892	437207	438438	NC_016845.1	NODE_1_length_566821_cov_8.393009	98.7		True
unknown
2441837	2443481	442399	444043	NC_016845.1	NODE_1_length_566821_cov_8.393009	96.11		True
unknown
2443639	2444483	444201	445045	NC_016845.1	NODE_1_length_566821_cov_8.393009	95.27		True
unknown
2447020	2448658	447571	449209	NC_016845.1	NODE_1_length_566821_cov_8.393009	95.49		True
unknown
2467397	2467747	468561	468911	NC_016845.1	NODE_1_length_566821_cov_8.393009	95.73		True
unknown
2472464	2473509	473605	474650	NC_016845.1	NODE_1_length_566821_cov_8.393009	95.79		True
unknown
2476306	2482488	477446	483628	NC_016845.1	NODE_1_length_566821_cov_8.393009	95.88		True
unknown
2482492	2483037	483632	484177	NC_016845.1	NODE_1_length_566821_cov_8.393009	95.79		True
unknown
2483120	2483191	484178	484249	NC_016845.1	NODE_1_length_566821_cov_8.393009	100.0		True
unknown
2483210	2483554	484250	484594	NC_016845.1	NODE_1_length_566821_cov_8.393009	97.1		True
unknown
2497230	2498883	498122	499775	NC_016845.1	NODE_1_length_566821_cov_8.393009	95.04		True
unknown
2511133	2511850	514117	514834	NC_016845.1	NODE_1_length_566821_cov_8.393009	95.4		True
unknown
CONTIG	NODE_1_length_566821_cov_8.393009	566821	mis_unaligned
6	16972	16968	1	NC_016845.1	NODE_2_length_478638_cov_9.783182	95.42		True
fake: not a misassembly [linear representation of circular genome]
5290176	5333942	60676	16974	NC_016845.1	NODE_2_length_478638_cov_9.783182	95.25		True
relocation, inconsistency = 5028
5282142	5284905	63688	60919	NC_016845.1	NODE_2_length_478638_cov_9.783182	96.28		True
local misassembly
5256502	5281149	88381	63764	NC_016845.1	NODE_2_length_478638_cov_9.783182	95.43		True
relocation, inconsistency = 6964
5225338	5249537	112577	88382	NC_016845.1	NODE_2_length_478638_cov_9.783182	97.43		True
local misassembly
5205340	5224817	132051	112578	NC_016845.1	NODE_2_length_478638_cov_9.783182	96.53		True
local misassembly
5176734	5205367	161505	132884	NC_016845.1	NODE_2_length_478638_cov_9.783182	96.16		True
relocation, inconsistency = 1987
5173743	5174687	162509	161565	NC_016845.1	NODE_2_length_478638_cov_9.783182	97.14		True
local misassembly
5166198	5166843	169418	168773	NC_016845.1	NODE_2_length_478638_cov_9.783182	96.28		True
relocation, inconsistency = -1182
5152788	5166143	183954	170655	NC_016845.1	NODE_2_length_478638_cov_9.783182	95.11		True
relocation, inconsistency = 1066
5134645	5151721	201040	183955	NC_016845.1	NODE_2_length_478638_cov_9.783182	96.43		True
local misassembly
5120031	5134606	215743	201167	NC_016845.1	NODE_2_length_478638_cov_9.783182	96.46		True
relocation, inconsistency = -8533
5078880	5119975	265381	224332	NC_016845.1	NODE_2_length_478638_cov_9.783182	95.27		True
local misassembly
5078858	5078984	265568	265444	NC_016845.1	NODE_2_length_478638_cov_9.783182	95.38		True
relocation, inconsistency = 1448
5076863	5077409	266115	265569	NC_016845.1	NODE_2_length_478638_cov_9.783182	95.26		True
local misassembly
5014609	5070178	328505	272918	NC_016845.1	NODE_2_length_478638_cov_9.783182	95.33		True
relocation, inconsistency = -6960
4979532	5014567	370543	335507	NC_016845.1	NODE_2_length_478638_cov_9.783182	96.23		True
relocation, inconsistency = -2781
4973683	4979364	379173	373492	NC_016845.1	NODE_2_length_478638_cov_9.783182	96.74		True
local misassembly
4965457	4972931	386645	379174	NC_016845.1	NODE_2_length_478638_cov_9.783182	95.83		True
local misassembly
4965247	4965438	386976	386785	NC_016845.1	NODE_2_length_478638_cov_9.783182	97.92		True
local misassembly
4947514	4961881	404711	390344	NC_016845.1	NODE_2_length_478638_cov_9.783182	95.19		True
indel: indel (> 5bp)
4947355	4947477	404862	404740	NC_016845.1	NODE_2_length_478638_cov_9.783182	97.56		True
indel: indel (> 5bp)
4940008	4947354	412256	404910	NC_016845.1	NODE_2_length_478638_cov_9.783182	96.41		True
indel: stretch of mismatches
4935060	4939966	417204	412298	NC_016845.1	NODE_2_length_478638_cov_9.783182	96.43		True
indel: stretch of mismatches
4933617	4935052	418647	417212	NC_016845.1	NODE_2_length_478638_cov_9.783182	95.89		True
indel: stretch of mismatches
4931987	4933601	420277	418663	NC_016845.1	NODE_2_length_478638_cov_9.783182	96.22		True
indel: indel (<= 5bp)
4930798	4931986	421467	420279	NC_016845.1	NODE_2_length_478638_cov_9.783182	96.38		True
indel: indel (<= 5bp)
4927695	4930746	424568	421517	NC_016845.1	NODE_2_length_478638_cov_9.783182	96.13		True
local misassembly
4920283	4927498	431987	424772	NC_016845.1	NODE_2_length_478638_cov_9.783182	95.18		True
local misassembly
4902446	4906148	449823	446121	NC_016845.1	NODE_2_length_478638_cov_9.783182	95.52		True
local misassembly
4895132	4900888	457139	451383	NC_016845.1	NODE_2_length_478638_cov_9.783182	95.36		True
indel: indel (<= 5bp)
4888138	4895131	464134	457141	NC_016845.1	NODE_2_length_478638_cov_9.783182	95.38		True
indel: indel (<= 5bp)
4885945	4888137	466328	464136	NC_016845.1	NODE_2_length_478638_cov_9.783182	96.12		True
local misassembly
4880566	4885789	471705	466482	NC_016845.1	NODE_2_length_478638_cov_9.783182	95.08		True
local misassembly
4873642	4880430	478638	471850	NC_016845.1	NODE_2_length_478638_cov_9.783182	96.32		True
CONTIG	NODE_2_length_478638_cov_9.783182	478638	misassembled
4457399	4457646	248	1	NC_016845.1	NODE_3_length_470369_cov_9.494788	96.77		True
indel: indel (<= 5bp)
4453653	4457364	3993	282	NC_016845.1	NODE_3_length_470369_cov_9.494788	96.39		True
indel: stretch of mismatches
4453565	4453648	4081	3998	NC_016845.1	NODE_3_length_470369_cov_9.494788	98.81		True
local misassembly
4446785	4447001	10855	10639	NC_016845.1	NODE_3_length_470369_cov_9.494788	97.7		True
indel: indel (<= 5bp)
4446628	4446783	11011	10856	NC_016845.1	NODE_3_length_470369_cov_9.494788	95.51		True
local misassembly
4436939	4441780	20701	15860	NC_016845.1	NODE_3_length_470369_cov_9.494788	96.57		True
local misassembly
4428806	4429712	29029	28123	NC_016845.1	NODE_3_length_470369_cov_9.494788	95.04		True
local misassembly
4418181	4419147	39652	38686	NC_016845.1	NODE_3_length_470369_cov_9.494788	95.04		True
relocation, inconsistency = -6588
4415503	4418203	48918	46218	NC_016845.1	NODE_3_length_470369_cov_9.494788	97.0		True
indel: indel (<= 5bp)
4414604	4415450	49814	48968	NC_016845.1	NODE_3_length_470369_cov_9.494788	95.51		True
local misassembly
4408164	4409891	56662	54935	NC_016845.1	NODE_3_length_470369_cov_9.494788	95.95		True
local misassembly
4405627	4407881	59203	56950	NC_016845.1	NODE_3_length_470369_cov_9.494788	95.92		True
local misassembly
4404031	4405605	61003	59429	NC_016845.1	NODE_3_length_470369_cov_9.494788	95.68		True
local misassembly
4400701	4403116	64333	61918	NC_016845.1	NODE_3_length_470369_cov_9.494788	95.07		True
local misassembly
4389479	4389551	75603	75531	NC_016845.1	NODE_3_length_470369_cov_9.494788	98.63		True
relocation, inconsistency = -5106
4299276	4388759	170941	81429	NC_016845.1	NODE_3_length_470369_cov_9.494788	95.34		True
relocation, inconsistency = -1430
4281920	4298209	189724	173438	NC_016845.1	NODE_3_length_470369_cov_9.494788	96.57		True
relocation, inconsistency = -21027
4231652	4281913	260985	210758	NC_016845.1	NODE_3_length_470369_cov_9.494788	96.17		True
local misassembly
4198665	4231566	294271	261371	NC_016845.1	NODE_3_length_470369_cov_9.494788	95.64		True
local misassembly
4160080	4197030	332169	295275	NC_016845.1	NODE_3_length_470369_cov_9.494788	96.51		True
local misassembly
4149270	4160070	343133	332334	NC_016845.1	NODE_3_length_470369_cov_9.494788	95.45		True
relocation, inconsistency = -4507
4143199	4149217	353711	347693	NC_016845.1	NODE_3_length_470369_cov_9.494788	95.02		True
local misassembly
4138558	4139740	358312	357130	NC_016845.1	NODE_3_length_470369_cov_9.494788	96.2		True
indel: indel (<= 5bp)
4138442	4138555	358426	358313	NC_016845.1	NODE_3_length_470369_cov_9.494788	95.61		True
local misassembly
4129936	4130271	367390	367055	NC_016845.1	NODE_3_length_470369_cov_9.494788	97.92		True
indel: stretch of mismatches
4129486	4129913	367840	367413	NC_016845.1	NODE_3_length_470369_cov_9.494788	98.13		True
local misassembly
4128905	4129564	368780	368121	NC_016845.1	NODE_3_length_470369_cov_9.494788	98.33		True
local misassembly
4125633	4128354	371984	369263	NC_016845.1	NODE_3_length_470369_cov_9.494788	95.3		True
local misassembly
4114160	4114694	383470	382936	NC_016845.1	NODE_3_length_470369_cov_9.494788	97.38		True
local misassembly
4106435	4106822	391171	390784	NC_016845.1	NODE_3_length_470369_cov_9.494788	97.42		True
local misassembly
4098803	4099554	399395	398644	NC_016845.1	NODE_3_length_470369_cov_9.494788	95.08		True
relocation, inconsistency = -43463
4092010	4098640	449652	443021	NC_016845.1	NODE_3_length_470369_cov_9.494788	96.96		True
relocation, inconsistency = 1661
4087489	4090348	452512	449653	NC_016845.1	NODE_3_length_470369_cov_9.494788	97.66		True
local misassembly
4085232	4087310	454816	452738	NC_016845.1	NODE_3_length_470369_cov_9.494788	98.85		True
relocation, inconsistency = 35343
4034333	4049888	470369	454817	NC_016845.1	NODE_3_length_470369_cov_9.494788	95.21		True
CONTIG	NODE_3_length_470369_cov_9.494788	470369	misassembled
2778707	2779146	1493	1932	NC_016845.1	NODE_4_length_398729_cov_7.868694	95.23		True
unknown
2799580	2800697	11690	12807	NC_016845.1	NODE_4_length_398729_cov_7.868694	95.71		True
unknown
2806632	2806697	18754	18819	NC_016845.1	NODE_4_length_398729_cov_7.868694	95.45		True
unknown
2810088	2810381	22065	22359	NC_016845.1	NODE_4_length_398729_cov_7.868694	95.27		True
unknown
2818069	2820472	29380	31783	NC_016845.1	NODE_4_length_398729_cov_7.868694	95.13		True
unknown
2820473	2821118	31785	32430	NC_016845.1	NODE_4_length_398729_cov_7.868694	97.52		True
unknown
2821991	2823106	33298	34413	NC_016845.1	NODE_4_length_398729_cov_7.868694	95.16		True
unknown
2823129	2831641	34424	42936	NC_016845.1	NODE_4_length_398729_cov_7.868694	95.36		True
unknown
2848312	2850599	59630	61917	NC_016845.1	NODE_4_length_398729_cov_7.868694	95.28		True
unknown
2850601	2854894	61918	66211	NC_016845.1	NODE_4_length_398729_cov_7.868694	96.34		True
unknown
2854895	2857320	66213	68638	NC_016845.1	NODE_4_length_398729_cov_7.868694	96.58		True
unknown
2857963	2868797	68807	79641	NC_016845.1	NODE_4_length_398729_cov_7.868694	95.36		True
unknown
2869844	2870828	79685	80669	NC_016845.1	NODE_4_length_398729_cov_7.868694	96.55		True
unknown
2870837	2879009	84770	92942	NC_016845.1	NODE_4_length_398729_cov_7.868694	95.69		True
unknown
2887665	2889182	101264	102781	NC_016845.1	NODE_4_length_398729_cov_7.868694	95.32		True
unknown
2889235	2890966	102834	104565	NC_016845.1	NODE_4_length_398729_cov_7.868694	95.15		True
unknown
2896461	2896643	110060	110242	NC_016845.1	NODE_4_length_398729_cov_7.868694	97.81		True
unknown
2896659	2896807	110258	110406	NC_016845.1	NODE_4_length_398729_cov_7.868694	96.64		True
unknown
2928639	2932607	142215	146183	NC_016845.1	NODE_4_length_398729_cov_7.868694	95.16		True
unknown
2951628	2953789	165117	167278	NC_016845.1	NODE_4_length_398729_cov_7.868694	95.05		True
unknown
2962130	2967725	175623	181218	NC_016845.1	NODE_4_length_398729_cov_7.868694	95.35		True
unknown
2968497	2969219	182003	182725	NC_016845.1	NODE_4_length_398729_cov_7.868694	95.85		True
unknown
2978352	2978551	191918	192117	NC_016845.1	NODE_4_length_398729_cov_7.868694	96.0		True
unknown
2978552	2979567	192119	193134	NC_016845.1	NODE_4_length_398729_cov_7.868694	97.05		True
unknown
2979588	2979819	193153	193384	NC_016845.1	NODE_4_length_398729_cov_7.868694	96.12		True
unknown
2979864	2980154	193906	194195	NC_016845.1	NODE_4_length_398729_cov_7.868694	95.19		True
unknown
2989568	2991483	209581	211496	NC_016845.1	NODE_4_length_398729_cov_7.868694	95.67		True
unknown
2991484	2995520	211499	215535	NC_016845.1	NODE_4_length_398729_cov_7.868694	95.71		True
unknown
2997094	2999890	217877	220674	NC_016845.1	NODE_4_length_398729_cov_7.868694	95.07		True
unknown
3003265	3015782	226765	239283	NC_016845.1	NODE_4_length_398729_cov_7.868694	96.65		True
unknown
3016636	3029184	246520	259071	NC_016845.1	NODE_4_length_398729_cov_7.868694	95.59		True
unknown
3038644	3040999	263107	265467	NC_016845.1	NODE_4_length_398729_cov_7.868694	95.53		True
unknown
3042757	3042915	266734	266892	NC_016845.1	NODE_4_length_398729_cov_7.868694	95.6		True
unknown
3043353	3054753	267458	278858	NC_016845.1	NODE_4_length_398729_cov_7.868694	97.25		True
unknown
3054762	3065794	280027	291061	NC_016845.1	NODE_4_length_398729_cov_7.868694	96.55		True
unknown
3067587	3068001	291061	291475	NC_016845.1	NODE_4_length_398729_cov_7.868694	95.66		True
unknown
3068985	3078814	298452	308283	NC_016845.1	NODE_4_length_398729_cov_7.868694	96.07		True
unknown
3078835	3115625	308454	345264	NC_016845.1	NODE_4_length_398729_cov_7.868694	95.65		True
unknown
3120697	3130234	347540	357077	NC_016845.1	NODE_4_length_398729_cov_7.868694	95.9		True
unknown
3130235	3131891	357079	358735	NC_016845.1	NODE_4_length_398729_cov_7.868694	95.11		True
unknown
3140206	3147751	367090	374635	NC_016845.1	NODE_4_length_398729_cov_7.868694	95.71		True
unknown
3147752	3152807	374638	379693	NC_016845.1	NODE_4_length_398729_cov_7.868694	95.53		True
unknown
3155180	3160280	382063	387163	NC_016845.1	NODE_4_length_398729_cov_7.868694	95.79		True
unknown
3160763	3163055	387650	389942	NC_016845.1	NODE_4_length_398729_cov_7.868694	96.08		True
unknown
CONTIG	NODE_4_length_398729_cov_7.868694	398729	mis_unaligned
3257954	3259712	1694	3452	NC_016845.1	NODE_5_length_361067_cov_9.330210	95.91		True
unknown
3259714	3263749	3453	7488	NC_016845.1	NODE_5_length_361067_cov_9.330210	96.63		True
unknown
3264150	3264576	7949	8375	NC_016845.1	NODE_5_length_361067_cov_9.330210	97.42		True
unknown
3264620	3287391	14393	37172	NC_016845.1	NODE_5_length_361067_cov_9.330210	96.86		True
unknown
3287535	3289461	42057	43983	NC_016845.1	NODE_5_length_361067_cov_9.330210	95.43		True
unknown
3290845	3295012	50462	54629	NC_016845.1	NODE_5_length_361067_cov_9.330210	96.59		True
unknown
3295036	3296848	55563	57375	NC_016845.1	NODE_5_length_361067_cov_9.330210	95.86		True
unknown
3297039	3299276	57564	59801	NC_016845.1	NODE_5_length_361067_cov_9.330210	95.53		True
unknown
3299326	3300628	61726	63028	NC_016845.1	NODE_5_length_361067_cov_9.330210	97.08		True
unknown
3300630	3305435	63029	67834	NC_016845.1	NODE_5_length_361067_cov_9.330210	96.96		True
unknown
3305507	3307125	67906	69524	NC_016845.1	NODE_5_length_361067_cov_9.330210	95.74		True
unknown
3310848	3312820	73251	75223	NC_016845.1	NODE_5_length_361067_cov_9.330210	95.03		True
unknown
3312821	3314286	75227	76692	NC_016845.1	NODE_5_length_361067_cov_9.330210	96.38		True
unknown
3314342	3321309	76747	83714	NC_016845.1	NODE_5_length_361067_cov_9.330210	95.26		True
unknown
3321310	3322079	83733	84502	NC_016845.1	NODE_5_length_361067_cov_9.330210	95.58		True
unknown
3336537	3336638	98955	99056	NC_016845.1	NODE_5_length_361067_cov_9.330210	95.1		True
unknown
3341262	3344143	103686	106567	NC_016845.1	NODE_5_length_361067_cov_9.330210	95.0		True
unknown
3353093	3353178	115532	115617	NC_016845.1	NODE_5_length_361067_cov_9.330210	95.35		True
unknown
3359040	3359109	121485	121554	NC_016845.1	NODE_5_length_361067_cov_9.330210	95.71		True
unknown
3363600	3367871	126039	130310	NC_016845.1	NODE_5_length_361067_cov_9.330210	95.76		True
unknown
3372960	3385601	140678	153319	NC_016845.1	NODE_5_length_361067_cov_9.330210	95.72		True
unknown
3401721	3401989	169421	169689	NC_016845.1	NODE_5_length_361067_cov_9.330210	96.65		True
unknown
3405276	3406213	174219	175156	NC_016845.1	NODE_5_length_361067_cov_9.330210	95.84		True
unknown
3506264	3506495	310816	311047	NC_016845.1	NODE_5_length_361067_cov_9.330210	96.98		True
unknown
3506496	3506587	311049	311140	NC_016845.1	NODE_5_length_361067_cov_9.330210	96.74		True
unknown
3507841	3508951	313280	314390	NC_016845.1	NODE_5_length_361067_cov_9.330210	95.77		True
unknown
3508953	3509979	314391	315417	NC_016845.1	NODE_5_length_361067_cov_9.330210	95.13		True
unknown
3519684	3520898	325109	326323	NC_016845.1	NODE_5_length_361067_cov_9.330210	96.87		True
unknown
3520911	3522924	326339	328352	NC_016845.1	NODE_5_length_361067_cov_9.330210	96.08		True
unknown
3523113	3525219	328540	330646	NC_016845.1	NODE_5_length_361067_cov_9.330210	96.49		True
unknown
3527131	3530101	330648	333618	NC_016845.1	NODE_5_length_361067_cov_9.330210	97.51		True
unknown
3529972	3530101	333618	333747	NC_016845.1	NODE_5_length_361067_cov_9.330210	99.23		True
unknown
3530032	3532907	333907	336783	NC_016845.1	NODE_5_length_361067_cov_9.330210	97.46		True
unknown
2151582	2151908	360739	361065	NC_016845.1	NODE_5_length_361067_cov_9.330210	95.41		True
unknown
CONTIG	NODE_5_length_361067_cov_9.330210	361067	mis_unaligned
1073322	1079877	2804	9357	NC_016845.1	NODE_6_length_356231_cov_9.759612	97.5		True
relocation, inconsistency = 1037
1081243	1095795	9686	24238	NC_016845.1	NODE_6_length_356231_cov_9.759612	95.87		True
local misassembly
1095773	1113101	24327	41658	NC_016845.1	NODE_6_length_356231_cov_9.759612	96.99		True
local misassembly
1113310	1114417	42466	43573	NC_016845.1	NODE_6_length_356231_cov_9.759612	96.66		True
indel: indel (<= 5bp)
1114423	1115611	43578	44766	NC_016845.1	NODE_6_length_356231_cov_9.759612	97.73		True
indel: indel (<= 5bp)
1115612	1119312	44768	48468	NC_016845.1	NODE_6_length_356231_cov_9.759612	96.08		True
local misassembly
1123089	1125322	52246	54479	NC_016845.1	NODE_6_length_356231_cov_9.759612	95.21		True
local misassembly
1128987	1131880	58132	61025	NC_016845.1	NODE_6_length_356231_cov_9.759612	96.06		True
local misassembly
1138547	1138850	67826	68129	NC_016845.1	NODE_6_length_356231_cov_9.759612	97.7		True
indel: indel (<= 5bp)
1138852	1141672	68130	70950	NC_016845.1	NODE_6_length_356231_cov_9.759612	95.29		True
local misassembly
1144672	1145466	73951	74745	NC_016845.1	NODE_6_length_356231_cov_9.759612	96.6		True
local misassembly
1145632	1148074	74910	77352	NC_016845.1	NODE_6_length_356231_cov_9.759612	96.4		True
indel: indel (<= 5bp)
1148075	1155191	77354	84470	NC_016845.1	NODE_6_length_356231_cov_9.759612	95.18		True
indel: indel (<= 5bp)
1155192	1160129	84472	89409	NC_016845.1	NODE_6_length_356231_cov_9.759612	97.31		True
local misassembly
1160866	1160952	90135	90221	NC_016845.1	NODE_6_length_356231_cov_9.759612	95.4		True
indel: stretch of mismatches
1160957	1162063	90226	91332	NC_016845.1	NODE_6_length_356231_cov_9.759612	96.57		True
local misassembly
1162671	1165338	91942	94609	NC_016845.1	NODE_6_length_356231_cov_9.759612	96.06		True
local misassembly
1166380	1170718	95653	99991	NC_016845.1	NODE_6_length_356231_cov_9.759612	96.2		True
indel: indel (<= 5bp)
1170719	1172599	99993	101873	NC_016845.1	NODE_6_length_356231_cov_9.759612	96.92		True
local misassembly
1174738	1175342	104041	104645	NC_016845.1	NODE_6_length_356231_cov_9.759612	97.85		True
indel: indel (<= 5bp)
1175344	1177470	104646	106772	NC_016845.1	NODE_6_length_356231_cov_9.759612	96.1		True
indel: stretch of mismatches
1177477	1178285	106779	107587	NC_016845.1	NODE_6_length_356231_cov_9.759612	95.43		True
local misassembly
1186621	1205044	115919	134342	NC_016845.1	NODE_6_length_356231_cov_9.759612	96.86		True
local misassembly
1217970	1218107	147269	147406	NC_016845.1	NODE_6_length_356231_cov_9.759612	95.65		True
local misassembly
1226031	1230800	155332	160101	NC_016845.1	NODE_6_length_356231_cov_9.759612	96.29		True
local misassembly
1241818	1249963	171120	179265	NC_016845.1	NODE_6_length_356231_cov_9.759612	95.37		True
indel: indel (> 5bp)
1249964	1251551	179278	180865	NC_016845.1	NODE_6_length_356231_cov_9.759612	97.36		True
indel: stretch of mismatches
1251560	1254039	180874	183353	NC_016845.1	NODE_6_length_356231_cov_9.759612	96.98		True
indel: indel (<= 5bp)
1254041	1255761	183354	185074	NC_016845.1	NODE_6_length_356231_cov_9.759612	96.51		True
indel: indel (<= 5bp)
1255762	1264138	185076	193452	NC_016845.1	NODE_6_length_356231_cov_9.759612	95.57		True
local misassembly
1264324	1289751	193612	219032	NC_016845.1	NODE_6_length_356231_cov_9.759612	95.82		True
relocation, inconsistency = -1950
1298392	1298860	229623	230091	NC_016845.1	NODE_6_length_356231_cov_9.759612	95.52		True
local misassembly
1301944	1302064	233857	233977	NC_016845.1	NODE_6_length_356231_cov_9.759612	96.69		True
local misassembly
1304677	1304799	236885	237007	NC_016845.1	NODE_6_length_356231_cov_9.759612	95.12		True
local misassembly
1305128	1305284	237298	237454	NC_016845.1	NODE_6_length_356231_cov_9.759612	95.54		True
local misassembly
1312793	1313466	244317	244990	NC_016845.1	NODE_6_length_356231_cov_9.759612	97.33		True
relocation, inconsistency = -8846
1339831	1360556	280201	300940	NC_016845.1	NODE_6_length_356231_cov_9.759612	96.02		True
local misassembly
1360587	1364860	301528	305802	NC_016845.1	NODE_6_length_356231_cov_9.759612	95.54		True
local misassembly
1365001	1385533	305803	326320	NC_016845.1	NODE_6_length_356231_cov_9.759612	96.34		True
local misassembly
1385716	1387858	326884	329026	NC_016845.1	NODE_6_length_356231_cov_9.759612	95.15		True
relocation, inconsistency = 2971
1394228	1412948	332425	351216	NC_016845.1	NODE_6_length_356231_cov_9.759612	95.53		True
relocation, inconsistency = 9320
1422269	1427278	351217	356231	NC_016845.1	NODE_6_length_356231_cov_9.759612	97.03		True
CONTIG	NODE_6_length_356231_cov_9.759612	356231	misassembled
3937778	3938931	8999	7846	NC_016845.1	NODE_7_length_272670_cov_9.299336	96.71		True
unknown
3937688	3937776	9088	9000	NC_016845.1	NODE_7_length_272670_cov_9.299336	98.88		True
unknown
3924981	3927062	27801	25720	NC_016845.1	NODE_7_length_272670_cov_9.299336	96.49		True
unknown
3915431	3918627	37344	34148	NC_016845.1	NODE_7_length_272670_cov_9.299336	96.9		True
unknown
3905146	3907062	47629	45713	NC_016845.1	NODE_7_length_272670_cov_9.299336	95.77		True
unknown
3901798	3905142	50977	47633	NC_016845.1	NODE_7_length_272670_cov_9.299336	95.7		True
unknown
3895464	3895601	57311	57174	NC_016845.1	NODE_7_length_272670_cov_9.299336	97.1		True
unknown
3893180	3895463	59596	57313	NC_016845.1	NODE_7_length_272670_cov_9.299336	96.54		True
unknown
3889269	3893179	63510	59600	NC_016845.1	NODE_7_length_272670_cov_9.299336	96.5		True
unknown
3883636	3889262	69143	63517	NC_016845.1	NODE_7_length_272670_cov_9.299336	95.57		True
unknown
3876052	3883635	76730	69147	NC_016845.1	NODE_7_length_272670_cov_9.299336	95.2		True
unknown
3871601	3875817	81201	76985	NC_016845.1	NODE_7_length_272670_cov_9.299336	95.26		True
unknown
3863450	3868045	89393	84798	NC_016845.1	NODE_7_length_272670_cov_9.299336	96.74		True
unknown
3862043	3863426	90800	89417	NC_016845.1	NODE_7_length_272670_cov_9.299336	95.01		True
unknown
3824841	3826582	128234	126493	NC_016845.1	NODE_7_length_272670_cov_9.299336	95.12		True
unknown
3823171	3824187	129902	128886	NC_016845.1	NODE_7_length_272670_cov_9.299336	95.67		True
unknown
3821269	3823170	131805	129904	NC_016845.1	NODE_7_length_272670_cov_9.299336	97.06		True
unknown
3814760	3821268	138317	131809	NC_016845.1	NODE_7_length_272670_cov_9.299336	95.19		True
unknown
3807066	3809826	150729	147969	NC_016845.1	NODE_7_length_272670_cov_9.299336	96.92		True
unknown
3803496	3807000	154329	150825	NC_016845.1	NODE_7_length_272670_cov_9.299336	97.66		True
unknown
3798719	3803495	159111	154335	NC_016845.1	NODE_7_length_272670_cov_9.299336	96.13		True
unknown
3782740	3783293	175100	174547	NC_016845.1	NODE_7_length_272670_cov_9.299336	96.75		True
unknown
3781455	3782737	176383	175101	NC_016845.1	NODE_7_length_272670_cov_9.299336	98.67		True
unknown
3777783	3781454	180056	176385	NC_016845.1	NODE_7_length_272670_cov_9.299336	96.24		True
unknown
3773487	3777781	184351	180057	NC_016845.1	NODE_7_length_272670_cov_9.299336	96.67		True
unknown
3770792	3773485	187045	184352	NC_016845.1	NODE_7_length_272670_cov_9.299336	95.14		True
unknown
3767620	3770604	190349	187365	NC_016845.1	NODE_7_length_272670_cov_9.299336	95.71		True
unknown
3750950	3755277	207010	202683	NC_016845.1	NODE_7_length_272670_cov_9.299336	96.37		True
unknown
3745188	3748880	212779	209087	NC_016845.1	NODE_7_length_272670_cov_9.299336	95.13		True
unknown
3744155	3745183	213812	212784	NC_016845.1	NODE_7_length_272670_cov_9.299336	95.34		True
unknown
3733874	3743755	224091	214210	NC_016845.1	NODE_7_length_272670_cov_9.299336	96.04		True
unknown
3729261	3729399	228705	228567	NC_016845.1	NODE_7_length_272670_cov_9.299336	97.12		True
unknown
3728437	3729251	229529	228715	NC_016845.1	NODE_7_length_272670_cov_9.299336	95.83		True
unknown
3718470	3720326	239489	237633	NC_016845.1	NODE_7_length_272670_cov_9.299336	95.64		True
unknown
3712339	3716489	251428	247278	NC_016845.1	NODE_7_length_272670_cov_9.299336	95.13		True
unknown
3696075	3697100	267690	266665	NC_016845.1	NODE_7_length_272670_cov_9.299336	96.2		True
unknown
CONTIG	NODE_7_length_272670_cov_9.299336	272670	mis_unaligned
4459346	4459785	1	440	NC_016845.1	NODE_8_length_247549_cov_9.773464	99.32		True
relocation, inconsistency = 14494
4476822	4481948	2983	8109	NC_016845.1	NODE_8_length_247549_cov_9.773464	95.9		True
local misassembly
4489020	4496789	15174	22943	NC_016845.1	NODE_8_length_247549_cov_9.773464	95.26		True
local misassembly
4498050	4501574	24203	27727	NC_016845.1	NODE_8_length_247549_cov_9.773464	95.6		True
indel: stretch of mismatches
4501613	4502848	27766	29001	NC_016845.1	NODE_8_length_247549_cov_9.773464	97.17		True
relocation, inconsistency = 55965
4558814	4559137	29002	29325	NC_016845.1	NODE_8_length_247549_cov_9.773464	97.33		True
relocation, inconsistency = 2846
4562079	4574310	29421	41674	NC_016845.1	NODE_8_length_247549_cov_9.773464	95.06		True
relocation, inconsistency = 3126
4577583	4580980	41821	45218	NC_016845.1	NODE_8_length_247549_cov_9.773464	95.41		True
local misassembly
4583111	4584178	47348	48415	NC_016845.1	NODE_8_length_247549_cov_9.773464	95.22		True
local misassembly
4584944	4631590	48648	95301	NC_016845.1	NODE_8_length_247549_cov_9.773464	95.52		True
relocation, inconsistency = -2382
4631932	4667781	98025	133943	NC_016845.1	NODE_8_length_247549_cov_9.773464	96.36		True
local misassembly
4667808	4670181	134074	136446	NC_016845.1	NODE_8_length_247549_cov_9.773464	95.92		True
local misassembly
4670068	4671294	136448	137675	NC_016845.1	NODE_8_length_247549_cov_9.773464	96.74		True
relocation, inconsistency = -2785
4672766	4675517	141932	144683	NC_016845.1	NODE_8_length_247549_cov_9.773464	95.93		True
indel: indel (> 5bp)
4675582	4680664	144713	149795	NC_016845.1	NODE_8_length_247549_cov_9.773464	95.16		True
indel: stretch of mismatches
4680668	4680783	149799	149914	NC_016845.1	NODE_8_length_247549_cov_9.773464	98.28		True
indel: stretch of mismatches
4680791	4681022	149922	150153	NC_016845.1	NODE_8_length_247549_cov_9.773464	95.69		True
indel: indel (<= 5bp)
4681028	4682429	150161	151562	NC_016845.1	NODE_8_length_247549_cov_9.773464	95.86		True
local misassembly
4691322	4691909	160450	161036	NC_016845.1	NODE_8_length_247549_cov_9.773464	95.07		True
local misassembly
4691779	4691909	161138	161268	NC_016845.1	NODE_8_length_247549_cov_9.773464	96.95		True
local misassembly
4691794	4691898	161269	161373	NC_016845.1	NODE_8_length_247549_cov_9.773464	96.67		True
relocation, scaffold gap is present, inconsistency = 13551
4716038	4716473	171962	172397	NC_016845.1	NODE_8_length_247549_cov_9.773464	95.18		True
local misassembly
4725533	4738921	181456	194844	NC_016845.1	NODE_8_length_247549_cov_9.773464	96.78		True
local misassembly
4740640	4741838	196573	197771	NC_016845.1	NODE_8_length_247549_cov_9.773464	96.08		True
local misassembly
4744099	4751718	200037	207656	NC_016845.1	NODE_8_length_247549_cov_9.773464	96.09		True
indel: indel (<= 5bp)
4751720	4753767	207657	209704	NC_016845.1	NODE_8_length_247549_cov_9.773464	96.34		True
indel: indel (<= 5bp)
4753784	4754094	209720	210030	NC_016845.1	NODE_8_length_247549_cov_9.773464	96.46		True
indel: indel (<= 5bp)
4754096	4759401	210031	215336	NC_016845.1	NODE_8_length_247549_cov_9.773464	95.53		True
local misassembly
4775630	4776035	231559	231964	NC_016845.1	NODE_8_length_247549_cov_9.773464	96.31		True
local misassembly
4776320	4782525	232249	238454	NC_016845.1	NODE_8_length_247549_cov_9.773464	95.76		True
local misassembly
4783394	4785924	239318	241848	NC_016845.1	NODE_8_length_247549_cov_9.773464	97.39		True
local misassembly
4786318	4787658	242246	243586	NC_016845.1	NODE_8_length_247549_cov_9.773464	95.67		True
relocation, inconsistency = -4010977
780161	780644	247066	247549	NC_016845.1	NODE_8_length_247549_cov_9.773464	99.17		True
CONTIG	NODE_8_length_247549_cov_9.773464	247549	misassembled
2764818	2765444	12409	11783	NC_016845.1	NODE_9_length_237731_cov_8.189807	96.17		True
unknown
2757206	2764788	20311	12719	NC_016845.1	NODE_9_length_237731_cov_8.189807	95.0		True
unknown
2743161	2750810	36827	29180	NC_016845.1	NODE_9_length_237731_cov_8.189807	95.83		True
unknown
2736631	2740436	42394	38593	NC_016845.1	NODE_9_length_237731_cov_8.189807	97.66		True
unknown
2707258	2736474	82893	53645	NC_016845.1	NODE_9_length_237731_cov_8.189807	95.44		True
unknown
2700244	2700601	95482	95125	NC_016845.1	NODE_9_length_237731_cov_8.189807	95.53		True
unknown
2685261	2699869	118474	103868	NC_016845.1	NODE_9_length_237731_cov_8.189807	98.49		True
unknown
2667016	2667097	128477	128396	NC_016845.1	NODE_9_length_237731_cov_8.189807	95.12		True
unknown
2665927	2667015	129577	128489	NC_016845.1	NODE_9_length_237731_cov_8.189807	96.6		True
unknown
2664849	2665925	130654	129578	NC_016845.1	NODE_9_length_237731_cov_8.189807	96.29		True
unknown
2628723	2629161	160812	160374	NC_016845.1	NODE_9_length_237731_cov_8.189807	95.67		True
unknown
2627532	2628525	162024	161031	NC_016845.1	NODE_9_length_237731_cov_8.189807	95.47		True
unknown
2600558	2627304	190901	164150	NC_016845.1	NODE_9_length_237731_cov_8.189807	95.49		True
unknown
2595252	2596830	196747	195169	NC_016845.1	NODE_9_length_237731_cov_8.189807	96.71		True
unknown
2561964	2576041	228630	214559	NC_016845.1	NODE_9_length_237731_cov_8.189807	95.47		True
unknown
2557942	2560307	230991	228626	NC_016845.1	NODE_9_length_237731_cov_8.189807	95.65		True
unknown
2555003	2556287	233942	232658	NC_016845.1	NODE_9_length_237731_cov_8.189807	96.34		True
unknown
2553189	2555002	235757	233944	NC_016845.1	NODE_9_length_237731_cov_8.189807	96.64		True
unknown
CONTIG	NODE_9_length_237731_cov_8.189807	237731	mis_unaligned
781764	783582	43	1861	NC_016845.1	NODE_10_length_222279_cov_9.401747	96.04		True
unknown
790032	791100	8320	9388	NC_016845.1	NODE_10_length_222279_cov_9.401747	95.32		True
unknown
795911	796259	14198	14546	NC_016845.1	NODE_10_length_222279_cov_9.401747	97.42		True
unknown
798807	799556	22646	23395	NC_016845.1	NODE_10_length_222279_cov_9.401747	95.73		True
unknown
812327	815920	36170	39763	NC_016845.1	NODE_10_length_222279_cov_9.401747	95.58		True
unknown
819214	822888	43029	46703	NC_016845.1	NODE_10_length_222279_cov_9.401747	96.05		True
unknown
849737	861482	73567	85312	NC_016845.1	NODE_10_length_222279_cov_9.401747	95.32		True
unknown
861483	868305	85314	92136	NC_016845.1	NODE_10_length_222279_cov_9.401747	95.32		True
unknown
871818	872047	95649	95878	NC_016845.1	NODE_10_length_222279_cov_9.401747	96.09		True
unknown
885484	886645	109200	110361	NC_016845.1	NODE_10_length_222279_cov_9.401747	96.99		True
unknown
888100	889613	111817	113330	NC_016845.1	NODE_10_length_222279_cov_9.401747	96.17		True
unknown
895655	896125	119362	119832	NC_016845.1	NODE_10_length_222279_cov_9.401747	97.88		True
unknown
896194	898805	119901	122512	NC_016845.1	NODE_10_length_222279_cov_9.401747	95.29		True
unknown
898806	899373	122514	123081	NC_016845.1	NODE_10_length_222279_cov_9.401747	95.77		True
unknown
899374	901246	123167	125039	NC_016845.1	NODE_10_length_222279_cov_9.401747	95.19		True
unknown
908451	910900	129797	132246	NC_016845.1	NODE_10_length_222279_cov_9.401747	95.35		True
unknown
910902	911618	132247	132963	NC_016845.1	NODE_10_length_222279_cov_9.401747	95.96		True
unknown
916097	916575	137441	137919	NC_016845.1	NODE_10_length_222279_cov_9.401747	95.41		True
unknown
923809	924652	145147	145990	NC_016845.1	NODE_10_length_222279_cov_9.401747	95.02		True
unknown
924657	925626	145995	146964	NC_016845.1	NODE_10_length_222279_cov_9.401747	95.26		True
unknown
937122	941058	158524	162460	NC_016845.1	NODE_10_length_222279_cov_9.401747	96.22		True
unknown
944021	946568	163976	166523	NC_016845.1	NODE_10_length_222279_cov_9.401747	95.21		True
unknown
946656	946844	166632	166820	NC_016845.1	NODE_10_length_222279_cov_9.401747	95.24		True
unknown
963144	964765	183223	184844	NC_016845.1	NODE_10_length_222279_cov_9.401747	96.61		True
unknown
968234	970038	188314	190118	NC_016845.1	NODE_10_length_222279_cov_9.401747	98.06		True
unknown
970042	971638	190119	191715	NC_016845.1	NODE_10_length_222279_cov_9.401747	96.56		True
unknown
971648	971712	191724	191788	NC_016845.1	NODE_10_length_222279_cov_9.401747	100.0		True
unknown
971718	984436	191794	204512	NC_016845.1	NODE_10_length_222279_cov_9.401747	95.21		True
unknown
984447	987959	204523	208035	NC_016845.1	NODE_10_length_222279_cov_9.401747	95.3		True
unknown
987992	992021	208069	212098	NC_016845.1	NODE_10_length_222279_cov_9.401747	95.33		True
unknown
992023	993259	212099	213335	NC_016845.1	NODE_10_length_222279_cov_9.401747	96.69		True
unknown
1001901	1002061	221980	222140	NC_016845.1	NODE_10_length_222279_cov_9.401747	96.89		True
unknown
1002099	1002200	222178	222279	NC_016845.1	NODE_10_length_222279_cov_9.401747	98.04		True
unknown
CONTIG	NODE_10_length_222279_cov_9.401747	222279	mis_unaligned
1975269	1994897	19869	174	NC_016845.1	NODE_11_length_214047_cov_8.768119	95.88		True
unknown
1975039	1975153	20386	20272	NC_016845.1	NODE_11_length_214047_cov_8.768119	99.13		True
unknown
1973983	1974998	21444	20429	NC_016845.1	NODE_11_length_214047_cov_8.768119	95.18		True
unknown
1973332	1973448	22095	21979	NC_016845.1	NODE_11_length_214047_cov_8.768119	98.29		True
unknown
1972488	1973331	22940	22097	NC_016845.1	NODE_11_length_214047_cov_8.768119	95.73		True
unknown
1958893	1972401	37460	23948	NC_016845.1	NODE_11_length_214047_cov_8.768119	95.77		True
unknown
1953162	1958722	43271	37713	NC_016845.1	NODE_11_length_214047_cov_8.768119	96.06		True
unknown
1951501	1951758	63073	62816	NC_016845.1	NODE_11_length_214047_cov_8.768119	97.29		True
unknown
1947043	1949674	67528	64897	NC_016845.1	NODE_11_length_214047_cov_8.768119	95.97		True
unknown
1945025	1946666	69547	67906	NC_016845.1	NODE_11_length_214047_cov_8.768119	97.14		True
unknown
1944522	1945023	70049	69548	NC_016845.1	NODE_11_length_214047_cov_8.768119	95.62		True
unknown
1936988	1937102	77580	77466	NC_016845.1	NODE_11_length_214047_cov_8.768119	95.65		True
unknown
1906891	1907477	101635	101049	NC_016845.1	NODE_11_length_214047_cov_8.768119	98.3		True
unknown
1902923	1904986	105605	103542	NC_016845.1	NODE_11_length_214047_cov_8.768119	95.25		True
unknown
1901589	1902909	106947	105627	NC_016845.1	NODE_11_length_214047_cov_8.768119	95.91		True
unknown
1892259	1893139	116273	115393	NC_016845.1	NODE_11_length_214047_cov_8.768119	95.46		True
unknown
1884381	1887234	124155	121302	NC_016845.1	NODE_11_length_214047_cov_8.768119	95.48		True
unknown
1876242	1883759	132294	124777	NC_016845.1	NODE_11_length_214047_cov_8.768119	95.96		True
unknown
1869877	1874117	138661	134421	NC_016845.1	NODE_11_length_214047_cov_8.768119	96.37		True
unknown
1849265	1849932	159263	158596	NC_016845.1	NODE_11_length_214047_cov_8.768119	97.31		True
unknown
1846003	1849262	162523	159264	NC_016845.1	NODE_11_length_214047_cov_8.768119	96.96		True
unknown
1823621	1827372	184892	181141	NC_016845.1	NODE_11_length_214047_cov_8.768119	97.33		True
unknown
1814207	1822679	194348	185876	NC_016845.1	NODE_11_length_214047_cov_8.768119	95.64		True
unknown
1810217	1810552	198338	198003	NC_016845.1	NODE_11_length_214047_cov_8.768119	98.81		True
unknown
1808595	1810216	199961	198340	NC_016845.1	NODE_11_length_214047_cov_8.768119	96.05		True
unknown
1775599	1778267	202659	199991	NC_016845.1	NODE_11_length_214047_cov_8.768119	95.13		True
unknown
1772522	1773410	205740	204852	NC_016845.1	NODE_11_length_214047_cov_8.768119	95.84		True
unknown
1771139	1772521	207124	205742	NC_016845.1	NODE_11_length_214047_cov_8.768119	95.44		True
unknown
1763488	1765011	213657	212136	NC_016845.1	NODE_11_length_214047_cov_8.768119	96.33		True
unknown
1763247	1763387	214047	213907	NC_016845.1	NODE_11_length_214047_cov_8.768119	95.74		True
unknown
CONTIG	NODE_11_length_214047_cov_8.768119	214047	mis_unaligned
1603249	1617908	14663	1	NC_016845.1	NODE_12_length_196820_cov_8.472076	96.65		True
relocation, inconsistency = -4466
1575052	1603250	47340	19128	NC_016845.1	NODE_12_length_196820_cov_8.472076	95.22		True
local misassembly
1574573	1574654	47819	47738	NC_016845.1	NODE_12_length_196820_cov_8.472076	95.12		True
local misassembly
1557875	1558198	64528	64205	NC_016845.1	NODE_12_length_196820_cov_8.472076	95.99		True
local misassembly
1550575	1551675	71828	70728	NC_016845.1	NODE_12_length_196820_cov_8.472076	95.37		True
indel: stretch of mismatches
1550004	1550571	72399	71832	NC_016845.1	NODE_12_length_196820_cov_8.472076	95.77		True
local misassembly
1540118	1543805	82286	78599	NC_016845.1	NODE_12_length_196820_cov_8.472076	96.04		True
local misassembly
1537158	1540001	85249	82406	NC_016845.1	NODE_12_length_196820_cov_8.472076	95.75		True
indel: indel (<= 5bp)
1534249	1537157	88159	85251	NC_016845.1	NODE_12_length_196820_cov_8.472076	96.63		True
indel: indel (> 5bp)
1530765	1534241	91636	88160	NC_016845.1	NODE_12_length_196820_cov_8.472076	98.02		True
indel: indel (<= 5bp)
1527663	1530696	94739	91706	NC_016845.1	NODE_12_length_196820_cov_8.472076	96.9		True
indel: stretch of mismatches
1526779	1527658	95623	94744	NC_016845.1	NODE_12_length_196820_cov_8.472076	98.18		True
indel: indel (<= 5bp)
1523396	1526777	99005	95624	NC_016845.1	NODE_12_length_196820_cov_8.472076	97.46		True
indel: indel (<= 5bp)
1519720	1523395	102682	99007	NC_016845.1	NODE_12_length_196820_cov_8.472076	96.93		True
relocation, inconsistency = 1366
1507465	1518185	113614	102851	NC_016845.1	NODE_12_length_196820_cov_8.472076	95.7		True
local misassembly
1502520	1506475	118693	114738	NC_016845.1	NODE_12_length_196820_cov_8.472076	95.05		True
indel: indel (<= 5bp)
1501437	1502518	119775	118694	NC_016845.1	NODE_12_length_196820_cov_8.472076	96.4		True
local misassembly
1488658	1501379	132768	120046	NC_016845.1	NODE_12_length_196820_cov_8.472076	96.86		True
local misassembly
1467578	1488025	153839	133390	NC_016845.1	NODE_12_length_196820_cov_8.472076	97.49		True
relocation, inconsistency = -2844
1461441	1467447	162821	156814	NC_016845.1	NODE_12_length_196820_cov_8.472076	96.69		True
local misassembly
1460923	1461292	163453	163085	NC_016845.1	NODE_12_length_196820_cov_8.472076	97.41		True
local misassembly
1461277	1461411	163589	163454	NC_016845.1	NODE_12_length_196820_cov_8.472076	96.44		True
indel: stretch of mismatches
1451404	1461276	173345	163590	NC_016845.1	NODE_12_length_196820_cov_8.472076	96.12		True
relocation, inconsistency = -7250
1449367	1451290	182632	180709	NC_016845.1	NODE_12_length_196820_cov_8.472076	96.52		True
relocation, inconsistency = 1028
1437841	1447579	193129	183392	NC_016845.1	NODE_12_length_196820_cov_8.472076	96.55		True
local misassembly
1436456	1437744	194418	193130	NC_016845.1	NODE_12_length_196820_cov_8.472076	96.76		True
relocation, inconsistency = 6661
1427594	1428667	196619	195546	NC_016845.1	NODE_12_length_196820_cov_8.472076	97.86		True
CONTIG	NODE_12_length_196820_cov_8.472076	196820	misassembled
262157	284148	1	22043	NC_016845.1	NODE_13_length_165527_cov_10.023307	95.91		True
local misassembly
284187	289767	22893	28472	NC_016845.1	NODE_13_length_165527_cov_10.023307	96.18		True
relocation, inconsistency = 3152
293628	293974	29181	29527	NC_016845.1	NODE_13_length_165527_cov_10.023307	95.68		True
local misassembly
299230	301437	34786	36993	NC_016845.1	NODE_13_length_165527_cov_10.023307	97.37		True
indel: indel (> 5bp)
301438	303218	37003	38783	NC_016845.1	NODE_13_length_165527_cov_10.023307	96.57		True
local misassembly
314310	315437	49884	51011	NC_016845.1	NODE_13_length_165527_cov_10.023307	96.72		True
indel: stretch of mismatches
315459	316827	51033	52401	NC_016845.1	NODE_13_length_165527_cov_10.023307	96.06		True
local misassembly
321564	322149	57141	57726	NC_016845.1	NODE_13_length_165527_cov_10.023307	97.1		True
local misassembly
324343	329523	59937	65117	NC_016845.1	NODE_13_length_165527_cov_10.023307	95.91		True
indel: stretch of mismatches
329591	332216	65185	67810	NC_016845.1	NODE_13_length_165527_cov_10.023307	96.76		True
relocation, inconsistency = -2001
335841	340175	73436	77770	NC_016845.1	NODE_13_length_165527_cov_10.023307	95.13		True
local misassembly
355916	357971	93525	95580	NC_016845.1	NODE_13_length_165527_cov_10.023307	96.4		True
indel: stretch of mismatches
357976	361773	95585	99382	NC_016845.1	NODE_13_length_165527_cov_10.023307	95.18		True
local misassembly
362702	391864	100345	129507	NC_016845.1	NODE_13_length_165527_cov_10.023307	95.33		True
relocation, inconsistency = 1378
395665	396579	131930	132844	NC_016845.1	NODE_13_length_165527_cov_10.023307	97.27		True
indel: indel (<= 5bp)
396580	403156	132846	139422	NC_016845.1	NODE_13_length_165527_cov_10.023307	95.47		True
indel: stretch of mismatches
403225	403410	139491	139676	NC_016845.1	NODE_13_length_165527_cov_10.023307	95.16		True
local misassembly
410371	418676	146477	154782	NC_016845.1	NODE_13_length_165527_cov_10.023307	95.51		True
CONTIG	NODE_13_length_165527_cov_10.023307	165527	misassembled
1763119	1763265	147	1	NC_016845.1	NODE_14_length_153665_cov_8.989794	96.6		True
unknown
1761228	1763083	2522	667	NC_016845.1	NODE_14_length_153665_cov_8.989794	96.17		True
unknown
1741290	1743136	22334	20488	NC_016845.1	NODE_14_length_153665_cov_8.989794	95.13		True
unknown
1740380	1740486	23245	23139	NC_016845.1	NODE_14_length_153665_cov_8.989794	98.13		True
unknown
1739418	1740379	24208	23247	NC_016845.1	NODE_14_length_153665_cov_8.989794	95.11		True
unknown
1732960	1733570	31803	31193	NC_016845.1	NODE_14_length_153665_cov_8.989794	95.25		True
unknown
1727946	1730539	36842	34249	NC_016845.1	NODE_14_length_153665_cov_8.989794	95.45		True
unknown
1722787	1725262	42001	39526	NC_016845.1	NODE_14_length_153665_cov_8.989794	95.48		True
unknown
1721673	1722785	43114	42002	NC_016845.1	NODE_14_length_153665_cov_8.989794	95.96		True
unknown
1717783	1721660	46992	43115	NC_016845.1	NODE_14_length_153665_cov_8.989794	96.29		True
unknown
1713718	1716972	51059	47805	NC_016845.1	NODE_14_length_153665_cov_8.989794	95.39		True
unknown
1706626	1712120	58155	52661	NC_016845.1	NODE_14_length_153665_cov_8.989794	95.05		True
unknown
1702843	1703011	62310	62142	NC_016845.1	NODE_14_length_153665_cov_8.989794	97.04		True
unknown
1662692	1665891	110388	107189	NC_016845.1	NODE_14_length_153665_cov_8.989794	95.5		True
unknown
1661061	1661778	112019	111302	NC_016845.1	NODE_14_length_153665_cov_8.989794	95.82		True
unknown
1655808	1660198	117273	112883	NC_016845.1	NODE_14_length_153665_cov_8.989794	96.45		True
unknown
1653129	1655806	119951	117274	NC_016845.1	NODE_14_length_153665_cov_8.989794	96.83		True
unknown
1649520	1649597	123502	123425	NC_016845.1	NODE_14_length_153665_cov_8.989794	100.0		True
unknown
1649165	1649519	123966	123612	NC_016845.1	NODE_14_length_153665_cov_8.989794	96.06		True
unknown
1648077	1649067	124957	123967	NC_016845.1	NODE_14_length_153665_cov_8.989794	96.47		True
unknown
1645178	1648076	127862	124964	NC_016845.1	NODE_14_length_153665_cov_8.989794	96.76		True
unknown
1642405	1644580	130650	128475	NC_016845.1	NODE_14_length_153665_cov_8.989794	98.02		True
unknown
1639044	1642359	134134	130818	NC_016845.1	NODE_14_length_153665_cov_8.989794	95.12		True
unknown
1636612	1638719	136568	134461	NC_016845.1	NODE_14_length_153665_cov_8.989794	95.73		True
unknown
1626919	1632181	146428	141166	NC_016845.1	NODE_14_length_153665_cov_8.989794	97.02		True
unknown
CONTIG	NODE_14_length_153665_cov_8.989794	153665	mis_unaligned
666494	670119	126	3751	NC_016845.1	NODE_15_length_121110_cov_9.734285	97.08		True
unknown
671570	677370	5311	11111	NC_016845.1	NODE_15_length_121110_cov_9.734285	96.76		True
unknown
678431	678535	12762	12866	NC_016845.1	NODE_15_length_121110_cov_9.734285	97.14		True
unknown
678544	679644	20734	21834	NC_016845.1	NODE_15_length_121110_cov_9.734285	96.01		True
unknown
726392	730914	59369	63891	NC_016845.1	NODE_15_length_121110_cov_9.734285	96.18		True
unknown
730916	736364	63892	69340	NC_016845.1	NODE_15_length_121110_cov_9.734285	96.2		True
unknown
736399	744110	69540	77251	NC_016845.1	NODE_15_length_121110_cov_9.734285	95.54		True
unknown
744117	747015	77258	80156	NC_016845.1	NODE_15_length_121110_cov_9.734285	95.93		True
unknown
747028	748151	80169	81292	NC_016845.1	NODE_15_length_121110_cov_9.734285	97.78		True
unknown
748155	748374	81296	81515	NC_016845.1	NODE_15_length_121110_cov_9.734285	95.91		True
unknown
749199	749434	82340	82575	NC_016845.1	NODE_15_length_121110_cov_9.734285	97.03		True
unknown
749435	754230	82577	87372	NC_016845.1	NODE_15_length_121110_cov_9.734285	95.06		True
unknown
754327	754878	87467	88018	NC_016845.1	NODE_15_length_121110_cov_9.734285	96.74		True
unknown
760470	761310	93605	94445	NC_016845.1	NODE_15_length_121110_cov_9.734285	95.01		True
unknown
762538	765883	95698	99043	NC_016845.1	NODE_15_length_121110_cov_9.734285	96.38		True
unknown
765906	772473	99064	105631	NC_016845.1	NODE_15_length_121110_cov_9.734285	95.01		True
unknown
773265	774733	106425	107893	NC_016845.1	NODE_15_length_121110_cov_9.734285	97.07		True
unknown
CONTIG	NODE_15_length_121110_cov_9.734285	121110	mis_unaligned
563791	564051	1	261	NC_016845.1	NODE_16_length_96205_cov_11.645944	96.18		True
local misassembly
564171	572687	262	8872	NC_016845.1	NODE_16_length_96205_cov_11.645944	96.49		True
indel: stretch of mismatches
572688	581788	8873	17986	NC_016845.1	NODE_16_length_96205_cov_11.645944	96.83		True
relocation, inconsistency = -33810
594146	624599	64154	94552	NC_016845.1	NODE_16_length_96205_cov_11.645944	96.22		True
local misassembly
625513	627147	94569	96205	NC_016845.1	NODE_16_length_96205_cov_11.645944	96.09		True
CONTIG	NODE_16_length_96205_cov_11.645944	96205	misassembled
21381	94723	186	73547	NC_016845.1	NODE_17_length_95650_cov_10.453357	95.87		True
relocation, inconsistency = 2806
99006	100057	75024	76075	NC_016845.1	NODE_17_length_95650_cov_10.453357	96.1		True
local misassembly
104871	110875	79894	85898	NC_016845.1	NODE_17_length_95650_cov_10.453357	96.05		True
local misassembly
112370	116088	87393	91111	NC_016845.1	NODE_17_length_95650_cov_10.453357	96.45		True
indel: indel (<= 5bp)
116089	118238	91115	93264	NC_016845.1	NODE_17_length_95650_cov_10.453357	95.12		True
CONTIG	NODE_17_length_95650_cov_10.453357	95650	misassembled
125585	125842	1	258	NC_016845.1	NODE_18_length_93281_cov_10.372534	98.84		True
local misassembly
136836	138508	11248	12920	NC_016845.1	NODE_18_length_93281_cov_10.372534	95.16		True
local misassembly
147834	147937	22248	22351	NC_016845.1	NODE_18_length_93281_cov_10.372534	96.15		True
indel: indel (<= 5bp)
147939	156749	22352	31162	NC_016845.1	NODE_18_length_93281_cov_10.372534	96.55		True
indel: indel (<= 5bp)
156751	172356	31163	46768	NC_016845.1	NODE_18_length_93281_cov_10.372534	96.3		True
indel: indel (> 5bp)
172380	174333	46784	48737	NC_016845.1	NODE_18_length_93281_cov_10.372534	95.45		True
local misassembly
175747	179401	50151	53805	NC_016845.1	NODE_18_length_93281_cov_10.372534	95.57		True
indel: indel (<= 5bp)
179402	184541	53807	58946	NC_016845.1	NODE_18_length_93281_cov_10.372534	95.47		True
indel: stretch of mismatches
184546	192456	58951	66861	NC_016845.1	NODE_18_length_93281_cov_10.372534	96.4		True
relocation, inconsistency = -6399
192528	192838	73332	73642	NC_016845.1	NODE_18_length_93281_cov_10.372534	95.18		True
indel: stretch of mismatches
192843	196087	73647	76891	NC_016845.1	NODE_18_length_93281_cov_10.372534	95.56		True
local misassembly
196936	203125	77740	83929	NC_016845.1	NODE_18_length_93281_cov_10.372534	95.35		True
local misassembly
212336	212442	93141	93247	NC_016845.1	NODE_18_length_93281_cov_10.372534	99.07		True
CONTIG	NODE_18_length_93281_cov_10.372534	93281	misassembled
4029593	4029700	116	9	NC_016845.1	NODE_19_length_86180_cov_9.328635	98.15		True
indel: indel (<= 5bp)
4029200	4029580	510	130	NC_016845.1	NODE_19_length_86180_cov_9.328635	97.64		True
local misassembly
4019744	4019823	9985	9906	NC_016845.1	NODE_19_length_86180_cov_9.328635	95.0		True
local misassembly
4004123	4010130	25601	19594	NC_016845.1	NODE_19_length_86180_cov_9.328635	95.14		True
indel: indel (<= 5bp)
3997189	4004121	32534	25602	NC_016845.1	NODE_19_length_86180_cov_9.328635	95.4		True
local misassembly
3992709	3996983	37015	32741	NC_016845.1	NODE_19_length_86180_cov_9.328635	95.58		True
indel: indel (<= 5bp)
3989401	3992708	40324	37017	NC_016845.1	NODE_19_length_86180_cov_9.328635	95.07		True
relocation, inconsistency = 6779
3982305	3982414	40641	40532	NC_016845.1	NODE_19_length_86180_cov_9.328635	98.18		True
local misassembly
3975543	3977250	47403	45696	NC_016845.1	NODE_19_length_86180_cov_9.328635	95.96		True
indel: indel (> 5bp)
3974809	3975498	48155	47466	NC_016845.1	NODE_19_length_86180_cov_9.328635	96.38		True
indel: indel (<= 5bp)
3973468	3974808	49497	48157	NC_016845.1	NODE_19_length_86180_cov_9.328635	96.05		True
local misassembly
3961078	3965327	62580	58331	NC_016845.1	NODE_19_length_86180_cov_9.328635	95.39		True
local misassembly
3942439	3957144	81021	66320	NC_016845.1	NODE_19_length_86180_cov_9.328635	95.43		True
CONTIG	NODE_19_length_86180_cov_9.328635	86180	misassembled
3235631	3242761	12210	5080	NC_016845.1	NODE_20_length_85165_cov_8.967991	96.56		True
local misassembly
3233785	3235100	14043	12728	NC_016845.1	NODE_20_length_85165_cov_8.967991	95.67		True
local misassembly
3228170	3231047	19659	16782	NC_016845.1	NODE_20_length_85165_cov_8.967991	95.83		True
local misassembly
3225470	3228150	22485	19805	NC_016845.1	NODE_20_length_85165_cov_8.967991	96.79		True
indel: indel (<= 5bp)
3222823	3225469	25133	22487	NC_016845.1	NODE_20_length_85165_cov_8.967991	95.16		True
indel: stretch of mismatches
3219859	3222819	28097	25137	NC_016845.1	NODE_20_length_85165_cov_8.967991	95.74		True
indel: indel (<= 5bp)
3216952	3219858	31005	28099	NC_016845.1	NODE_20_length_85165_cov_8.967991	96.49		True
indel: indel (<= 5bp)
3216769	3216951	31189	31007	NC_016845.1	NODE_20_length_85165_cov_8.967991	98.36		True
local misassembly
3213204	3214891	34755	33068	NC_016845.1	NODE_20_length_85165_cov_8.967991	96.21		True
indel: indel (<= 5bp)
3213102	3213203	34858	34757	NC_016845.1	NODE_20_length_85165_cov_8.967991	97.06		True
indel: indel (<= 5bp)
3209662	3213101	38299	34860	NC_016845.1	NODE_20_length_85165_cov_8.967991	95.0		True
indel: indel (<= 5bp)
3205263	3209660	42697	38300	NC_016845.1	NODE_20_length_85165_cov_8.967991	95.66		True
local misassembly
3191072	3199384	56894	48582	NC_016845.1	NODE_20_length_85165_cov_8.967991	95.86		True
local misassembly
3184631	3185216	63340	62755	NC_016845.1	NODE_20_length_85165_cov_8.967991	96.25		True
local misassembly
3179019	3179095	68945	68869	NC_016845.1	NODE_20_length_85165_cov_8.967991	97.4		True
indel: indel (<= 5bp)
3173313	3178984	74656	68985	NC_016845.1	NODE_20_length_85165_cov_8.967991	95.05		True
CONTIG	NODE_20_length_85165_cov_8.967991	85165	correct
1995795	1998690	253	3145	NC_016845.1	NODE_21_length_78281_cov_8.662602	96.41		True
relocation, inconsistency = -1609
1999091	1999208	5155	5272	NC_016845.1	NODE_21_length_78281_cov_8.662602	96.61		True
indel: indel (<= 5bp)
1999218	1999559	5281	5622	NC_016845.1	NODE_21_length_78281_cov_8.662602	98.83		True
indel: indel (<= 5bp)
1999560	2002629	5624	8693	NC_016845.1	NODE_21_length_78281_cov_8.662602	95.18		True
local misassembly
2004651	2010260	10720	16329	NC_016845.1	NODE_21_length_78281_cov_8.662602	95.45		True
local misassembly
2015246	2015641	21328	21723	NC_016845.1	NODE_21_length_78281_cov_8.662602	97.98		True
local misassembly
2015760	2016128	21844	22212	NC_016845.1	NODE_21_length_78281_cov_8.662602	96.21		True
local misassembly
2026962	2033259	33043	39340	NC_016845.1	NODE_21_length_78281_cov_8.662602	96.22		True
indel: indel (<= 5bp)
2033260	2043900	39342	49982	NC_016845.1	NODE_21_length_78281_cov_8.662602	95.99		True
local misassembly
2046131	2047929	52214	54012	NC_016845.1	NODE_21_length_78281_cov_8.662602	95.94		True
local misassembly
2048132	2049480	54214	55562	NC_016845.1	NODE_21_length_78281_cov_8.662602	95.55		True
relocation, inconsistency = 1663
2054120	2065874	58539	70294	NC_016845.1	NODE_21_length_78281_cov_8.662602	95.74		True
CONTIG	NODE_21_length_78281_cov_8.662602	78281	misassembled
485713	489897	320	4505	NC_016845.1	NODE_22_length_75116_cov_9.737735	95.53		True
relocation, inconsistency = -4165
489921	491352	8694	10123	NC_016845.1	NODE_22_length_75116_cov_9.737735	96.23		True
relocation, inconsistency = -5661
491494	498224	15926	22656	NC_016845.1	NODE_22_length_75116_cov_9.737735	95.54		True
relocation, inconsistency = 2245
500566	511578	22753	33795	NC_016845.1	NODE_22_length_75116_cov_9.737735	95.42		True
local misassembly
511726	516141	33818	38233	NC_016845.1	NODE_22_length_75116_cov_9.737735	96.67		True
indel: indel (<= 5bp)
516143	517060	38234	39151	NC_016845.1	NODE_22_length_75116_cov_9.737735	96.95		True
indel: indel (> 5bp)
517061	520078	39160	42177	NC_016845.1	NODE_22_length_75116_cov_9.737735	95.13		True
local misassembly
524458	526954	46045	48541	NC_016845.1	NODE_22_length_75116_cov_9.737735	95.51		True
relocation, inconsistency = 4116
531161	534301	48632	51772	NC_016845.1	NODE_22_length_75116_cov_9.737735	95.38		True
indel: indel (<= 5bp)
534316	535534	51789	53007	NC_016845.1	NODE_22_length_75116_cov_9.737735	95.24		True
relocation, inconsistency = 5946
547274	563351	58801	74901	NC_016845.1	NODE_22_length_75116_cov_9.737735	96.38		True
local misassembly
563687	563799	75004	75116	NC_016845.1	NODE_22_length_75116_cov_9.737735	100.0		True
CONTIG	NODE_22_length_75116_cov_9.737735	75116	misassembled
CONTIG	NODE_23_length_71673_cov_15.369161	71673	unaligned
3690473	3691329	1161	304	NC_016845.1	NODE_24_length_70248_cov_8.783959	96.27		True
relocation, inconsistency = -1087
3681279	3682511	11442	10210	NC_016845.1	NODE_24_length_70248_cov_8.783959	97.32		True
indel: stretch of mismatches
3680264	3681245	12457	11476	NC_016845.1	NODE_24_length_70248_cov_8.783959	95.32		True
indel: indel (<= 5bp)
3678575	3680262	14145	12458	NC_016845.1	NODE_24_length_70248_cov_8.783959	95.85		True
local misassembly
3667862	3678361	24659	14159	NC_016845.1	NODE_24_length_70248_cov_8.783959	95.88		True
relocation, inconsistency = -1648
3666968	3667822	27201	26347	NC_016845.1	NODE_24_length_70248_cov_8.783959	97.78		True
indel: indel (<= 5bp)
3666901	3666966	27267	27202	NC_016845.1	NODE_24_length_70248_cov_8.783959	96.97		True
indel: indel (> 5bp)
3665823	3666898	28362	27287	NC_016845.1	NODE_24_length_70248_cov_8.783959	95.07		True
local misassembly
3660651	3663255	33535	30931	NC_016845.1	NODE_24_length_70248_cov_8.783959	95.89		True
indel: indel (<= 5bp)
3660326	3660650	33861	33537	NC_016845.1	NODE_24_length_70248_cov_8.783959	96.62		True
local misassembly
3657223	3659250	36962	34934	NC_016845.1	NODE_24_length_70248_cov_8.783959	95.32		True
local misassembly
3654934	3655604	39875	39205	NC_016845.1	NODE_24_length_70248_cov_8.783959	95.38		True
local misassembly
3653020	3653990	41788	40818	NC_016845.1	NODE_24_length_70248_cov_8.783959	96.4		True
local misassembly
3628018	3653098	66910	41829	NC_016845.1	NODE_24_length_70248_cov_8.783959	96.45		True
relocation, inconsistency = 5004
3619676	3622900	70248	67024	NC_016845.1	NODE_24_length_70248_cov_8.783959	95.69		True
CONTIG	NODE_24_length_70248_cov_8.783959	70248	misassembled
1010540	1011478	3332	4270	NC_016845.1	NODE_25_length_69837_cov_10.709066	95.42		True
unknown
1030746	1030834	24881	24969	NC_016845.1	NODE_25_length_69837_cov_10.709066	95.51		True
unknown
1030908	1062312	25177	56596	NC_016845.1	NODE_25_length_69837_cov_10.709066	96.3		True
unknown
CONTIG	NODE_25_length_69837_cov_10.709066	69837	mis_unaligned
3582442	3619678	37327	1	NC_016845.1	NODE_26_length_62505_cov_11.128427	95.13		True
local misassembly
3580277	3580920	39503	38860	NC_016845.1	NODE_26_length_62505_cov_11.128427	97.36		True
relocation, inconsistency = 1197
3577595	3577917	40988	40666	NC_016845.1	NODE_26_length_62505_cov_11.128427	96.28		True
CONTIG	NODE_26_length_62505_cov_11.128427	62505	misassembled
84335	84461	62334	62208	NC_016839.1	NODE_27_length_62334_cov_15.396226	100.0		True
CONTIG	NODE_27_length_62334_cov_15.396226	62334	correct_unaligned
429853	485722	56046	195	NC_016845.1	NODE_28_length_56662_cov_9.648147	95.11		True
CONTIG	NODE_28_length_56662_cov_9.648147	56662	correct
660632	666503	6001	127	NC_016845.1	NODE_29_length_49941_cov_9.629522	96.05		True
unknown
658873	660536	8032	6369	NC_016845.1	NODE_29_length_49941_cov_9.629522	96.21		True
unknown
658042	658872	8875	8045	NC_016845.1	NODE_29_length_49941_cov_9.629522	96.51		True
unknown
653791	654381	13127	12537	NC_016845.1	NODE_29_length_49941_cov_9.629522	95.6		True
unknown
651337	653790	15587	13134	NC_016845.1	NODE_29_length_49941_cov_9.629522	95.52		True
unknown
648526	651215	22081	19392	NC_016845.1	NODE_29_length_49941_cov_9.629522	95.35		True
unknown
644461	646696	26898	24664	NC_016845.1	NODE_29_length_49941_cov_9.629522	95.31		True
unknown
638461	639623	41694	40532	NC_016845.1	NODE_29_length_49941_cov_9.629522	95.01		True
unknown
CONTIG	NODE_29_length_49941_cov_9.629522	49941	mis_unaligned
4820261	4820329	10104	10036	NC_016845.1	NODE_30_length_48292_cov_15.609924	97.1		True
CONTIG	NODE_30_length_48292_cov_15.609924	48292	correct_unaligned
38016	38217	3380	3581	NC_016846.1	NODE_31_length_45171_cov_18.968520	96.04		True
unknown
38218	39113	3583	4478	NC_016846.1	NODE_31_length_45171_cov_18.968520	96.76		True
unknown
39155	39253	4514	4612	NC_016846.1	NODE_31_length_45171_cov_18.968520	97.98		True
unknown
39274	39727	4630	5083	NC_016846.1	NODE_31_length_45171_cov_18.968520	96.48		True
unknown
42729	44297	5693	7262	NC_016846.1	NODE_31_length_45171_cov_18.968520	96.37		True
unknown
45327	48710	8321	11704	NC_016846.1	NODE_31_length_45171_cov_18.968520	95.86		True
unknown
62336	63260	11829	12753	NC_016846.1	NODE_31_length_45171_cov_18.968520	99.14		True
unknown
63963	66416	13473	15926	NC_016846.1	NODE_31_length_45171_cov_18.968520	95.84		True
unknown
106394	109452	18876	21934	NC_016846.1	NODE_31_length_45171_cov_18.968520	99.02		True
unknown
394	1179	23714	24499	NC_016846.1	NODE_31_length_45171_cov_18.968520	97.96		True
unknown
1180	2070	24512	25402	NC_016846.1	NODE_31_length_45171_cov_18.968520	96.86		True
unknown
CONTIG	NODE_31_length_45171_cov_18.968520	45171	mis_unaligned
3248945	3249072	43518	43391	NC_016845.1	NODE_32_length_43518_cov_20.448595	100.0		True
CONTIG	NODE_32_length_43518_cov_20.448595	43518	correct_unaligned
4841230	4841628	403	5	NC_016845.1	NODE_33_length_41684_cov_11.359795	99.25		True
unknown
4793007	4793361	34184	33830	NC_016845.1	NODE_33_length_41684_cov_11.359795	96.62		True
unknown
4790482	4792307	36707	34882	NC_016845.1	NODE_33_length_41684_cov_11.359795	95.89		True
unknown
783144	783532	41679	41291	NC_016845.1	NODE_33_length_41684_cov_11.359795	97.43		True
unknown
CONTIG	NODE_33_length_41684_cov_11.359795	41684	mis_unaligned
222927	223308	1	382	NC_016845.1	NODE_34_length_34556_cov_10.668332	97.12		True
unknown
223368	227310	444	4386	NC_016845.1	NODE_34_length_34556_cov_10.668332	97.16		True
unknown
227314	235726	4390	12802	NC_016845.1	NODE_34_length_34556_cov_10.668332	96.48		True
unknown
257411	257478	34489	34556	NC_016845.1	NODE_34_length_34556_cov_10.668332	100.0		True
unknown
CONTIG	NODE_34_length_34556_cov_10.668332	34556	mis_unaligned
2538273	2538396	14743	14866	NC_016845.1	NODE_35_length_27820_cov_67.851804	95.16		True
unknown
2545311	2549382	21777	25848	NC_016845.1	NODE_35_length_27820_cov_67.851804	95.56		True
unknown
CONTIG	NODE_35_length_27820_cov_67.851804	27820	mis_unaligned
4846462	4872870	1	26406	NC_016845.1	NODE_36_length_26406_cov_12.551048	95.93		True
CONTIG	NODE_36_length_26406_cov_12.551048	26406	correct
84337	84461	21672	21548	NC_016839.1	NODE_37_length_21672_cov_17.473938	100.0		True
CONTIG	NODE_37_length_21672_cov_17.473938	21672	correct_unaligned
3532937	3543908	293	11263	NC_016845.1	NODE_38_length_20602_cov_8.731282	96.61		True
CONTIG	NODE_38_length_20602_cov_8.731282	20602	correct
3553057	3554145	1149	2237	NC_016845.1	NODE_39_length_6230_cov_14.021956	95.5		True
unknown
3555090	3556334	4728	5972	NC_016845.1	NODE_39_length_6230_cov_14.021956	96.31		True
unknown
CONTIG	NODE_39_length_6230_cov_14.021956	6230	mis_unaligned
221219	222155	3496	4432	NC_016845.1	NODE_40_length_4432_cov_12.909872	97.76		True
CONTIG	NODE_40_length_4432_cov_12.909872	4432	correct_unaligned
4457520	4459472	1953	1	NC_016845.1	NODE_41_length_1953_cov_14.457831	95.75		True
CONTIG	NODE_41_length_1953_cov_14.457831	1953	correct
CONTIG	NODE_42_length_1203_cov_15.188662	1203	unaligned
CONTIG	NODE_43_length_1096_cov_31.518060	1096	unaligned
83408	84461	1054	1	NC_016839.1	NODE_44_length_1057_cov_84.511828	99.05		True
CONTIG	NODE_44_length_1057_cov_84.511828	1057	correct
4872744	4873768	1025	1	NC_016845.1	NODE_45_length_1025_cov_23.625835	98.83		True
CONTIG	NODE_45_length_1025_cov_23.625835	1025	correct
4513494	4513616	123	1	NC_016845.1	NODE_46_length_1018_cov_16.254770	99.19		True
CONTIG	NODE_46_length_1018_cov_16.254770	1018	correct_unaligned
213923	214093	1	171	NC_016845.1	NODE_47_length_978_cov_15.340776	98.83		True
indel: indel (<= 5bp)
214094	214186	173	265	NC_016845.1	NODE_47_length_978_cov_15.340776	95.7		True
local misassembly
214209	214440	358	589	NC_016845.1	NODE_47_length_978_cov_15.340776	97.84		True
local misassembly
214445	214692	731	978	NC_016845.1	NODE_47_length_978_cov_15.340776	97.98		True
CONTIG	NODE_47_length_978_cov_15.340776	978	correct
780804	781705	916	15	NC_016845.1	NODE_48_length_916_cov_7.365019	96.23		True
CONTIG	NODE_48_length_916_cov_7.365019	916	correct
215506	216339	836	1	NC_016845.1	NODE_49_length_836_cov_67.547250	97.97		True
CONTIG	NODE_49_length_836_cov_67.547250	836	correct
CONTIG	NODE_50_length_828_cov_7.888730	828	unaligned
629973	630317	345	1	NC_016845.1	NODE_51_length_815_cov_61.103198	99.71		True
local misassembly
629251	629711	815	355	NC_016845.1	NODE_51_length_815_cov_61.103198	100.0		True
CONTIG	NODE_51_length_815_cov_61.103198	815	correct
628725	629375	647	1	NC_016845.1	NODE_52_length_647_cov_29.101923	98.31		True
CONTIG	NODE_52_length_647_cov_29.101923	647	correct
1003830	1004309	488	1	NC_016845.1	NODE_53_length_534_cov_20.705160	96.11		True
CONTIG	NODE_53_length_534_cov_20.705160	534	correct
3042713	3042880	340	508	NC_016845.1	NODE_54_length_508_cov_9.782152	97.04		True
CONTIG	NODE_54_length_508_cov_9.782152	508	correct
